<?xml version="1.0"?>
<doc>
    <assembly>
        <name>durablefunctionsmonitor.dotnetbackend</name>
    </assembly>
    <members>
        <member name="T:DurableFunctionsMonitor.DotNetBackend.OperationKind">
            <summary>
            Defines whether a Function only reads data or makes modifications.
            Used for applying authorization rules.
            </summary>
        </member>
        <member name="M:DurableFunctionsMonitor.DotNetBackend.Auth.ValidateIdentityAsync(System.Security.Claims.ClaimsPrincipal,Microsoft.AspNetCore.Http.IHeaderDictionary,Microsoft.AspNetCore.Http.IRequestCookieCollection,System.String,DurableFunctionsMonitor.DotNetBackend.OperationKind)">
            <summary>
            Validates that the incoming request is properly authenticated. Throws if not.
            </summary>
            <returns><see cref="T:DurableFunctionsMonitor.DotNetBackend.DfmMode"/> value for current request (so that it can be returned to the client) </returns>
            <exception cref="T:System.AccessViolationException"></exception>
            <exception cref="T:System.UnauthorizedAccessException"></exception>
        </member>
        <!-- Badly formed XML comment ignored for member "M:DurableFunctionsMonitor.DotNetBackend.OrchestrationHistory.GetHistoryDirectlyFromTable(Microsoft.Azure.WebJobs.Extensions.DurableTask.IDurableClient,System.String,System.String,System.String)" -->
        <member name="T:DurableFunctionsMonitor.DotNetBackend.HistoryEvent">
            <summary>
            Represents a record in orchestration's history
            </summary>
        </member>
        <member name="T:DurableFunctionsMonitor.DotNetBackend.DfmMode">
            <summary>
            Defines functional mode for DurableFunctionsMonitor endpoint.
            </summary>
        </member>
        <member name="T:DurableFunctionsMonitor.DotNetBackend.DfmSettings">
            <summary>
            DurableFunctionsMonitor configuration settings
            </summary>
        </member>
        <member name="P:DurableFunctionsMonitor.DotNetBackend.DfmSettings.DisableAuthentication">
            <summary>
            Turns authentication off for DurableFunctionsMonitor endpoint.
            WARNING: this might not only expose DurableFunctionsMonitor to the public, but also
            expose all other HTTP-triggered endpoints in your project. Make sure you know what you're doing.
            </summary>
        </member>
        <member name="P:DurableFunctionsMonitor.DotNetBackend.DfmSettings.Mode">
            <summary>
            Functional mode for DurableFunctionsMonitor endpoint.
            Currently only Normal (default) and ReadOnly modes are supported.
            </summary>
        </member>
        <member name="P:DurableFunctionsMonitor.DotNetBackend.DfmSettings.AllowedAppRoles">
            <summary>
            List of App Roles, that are allowed to access DurableFunctionsMonitor endpoint. Users/Groups then need 
            to be assigned one of these roles via AAD Enterprise Applications->[your AAD app]->Users and Groups tab.
            Once set, the incoming access token is expected to contain one of these in its 'roles' claim.
            </summary>
        </member>
        <member name="P:DurableFunctionsMonitor.DotNetBackend.DfmSettings.AllowedReadOnlyAppRoles">
            <summary>
            List of App Roles, that are allowed read only access to the DurableFunctionsMonitor endpoint. Users/Groups then need 
            to be assigned one of these roles via AAD Enterprise Applications->[your AAD app]->Users and Groups tab.
            Once set, the incoming access token is expected to contain one of these in its 'roles' claim.
            </summary>
        </member>
        <member name="P:DurableFunctionsMonitor.DotNetBackend.DfmSettings.AllowedUserNames">
            <summary>
            List of users, that are allowed to access DurableFunctionsMonitor endpoint. You typically put emails into here.
            Once set, the incoming access token is expected to contain one of these names in its 'preferred_username' claim.
            </summary>
        </member>
        <member name="P:DurableFunctionsMonitor.DotNetBackend.DfmSettings.CustomTemplatesFolderName">
            <summary>
            Folder where to search for custom tab/html templates.
            Must be a part of your Functions project and be adjacent to your host.json file.
            </summary>
        </member>
        <member name="P:DurableFunctionsMonitor.DotNetBackend.DfmSettings.UserNameClaimName">
            <summary>
            Name of the claim (from ClaimsCredential) to be used as a user name.
            Defaults to "preferred_username"
            </summary>
        </member>
        <member name="P:DurableFunctionsMonitor.DotNetBackend.DfmSettings.RolesClaimName">
            <summary>
            Name of the claim (from ClaimsCredential) to be used as a role name.
            Defaults to "roles"
            </summary>
        </member>
        <member name="T:DurableFunctionsMonitor.DotNetBackend.DfmExtensionPoints">
            <summary>
            A set of extension points that can be customized by the client code, when DFM is used in 'injected' mode.
            </summary>
        </member>
        <member name="P:DurableFunctionsMonitor.DotNetBackend.DfmExtensionPoints.GetInstanceHistoryRoutine">
            <summary>
            Routine for fetching orchestration history.
            Takes IDurableClient, connString env variable name, taskHubName and instanceId and returns IEnumerable[HistoryEvent].
            Provide your own implementation for a custom storage provider.
            Default implementation fetches history directly from XXXHistory table.
            </summary>
        </member>
        <member name="P:DurableFunctionsMonitor.DotNetBackend.DfmExtensionPoints.GetParentInstanceIdRoutine">
            <summary>
            Routine for getting parent orchestration's Id.
            Takes IDurableClient, connString env variable name, taskHubName and instanceId and returns
            Id of parent orchestration, or null if the given instance is not a suborchestration.
            Provide your own implementation for a custom storage provider.
            Default implementation matches ExecutionId field in XXXInstances table.
            </summary>
        </member>
        <member name="P:DurableFunctionsMonitor.DotNetBackend.DfmExtensionPoints.GetTaskHubNamesRoutine">
            <summary>
            Routine for getting Task Hub names
            Takes connString env variable name and returns names of Task Hubs discovered there.
            Provide your own implementation for a custom storage provider.
            Default implementation traverses XXXInstances tables.
            </summary>
        </member>
        <member name="T:DurableFunctionsMonitor.DotNetBackend.DfmEndpoint">
            <summary>
            DurableFunctionsMonitor configuration
            </summary>
        </member>
        <member name="M:DurableFunctionsMonitor.DotNetBackend.DfmEndpoint.Setup(DurableFunctionsMonitor.DotNetBackend.DfmSettings,DurableFunctionsMonitor.DotNetBackend.DfmExtensionPoints)">
            <summary>
            Initializes DurableFunctionsMonitor endpoint with some settings
            </summary>
            <param name="settings">When null, default settings are used</param>
            <param name="extensionPoints">Routines, that can be customized by client code. When null, default instance of DfmExtensionPoints is used</param>
        </member>
        <member name="M:DurableFunctionsMonitor.DotNetBackend.DfmEndpoint.AreWeInStandaloneMode">
            <summary>
            Checks whether we should do our internal initialization (Standalone mode)
            or throw an exception when not initialized (Injected mode)
            </summary>
        </member>
        <member name="M:DurableFunctionsMonitor.DotNetBackend.TableClient.ListTableNamesAsync">
            <inheritdoc/>
        </member>
        <member name="M:DurableFunctionsMonitor.DotNetBackend.TableClient.GetAll``1(System.String,Microsoft.WindowsAzure.Storage.Table.TableQuery{``0})">
            <inheritdoc/>
        </member>
        <member name="M:DurableFunctionsMonitor.DotNetBackend.TableClient.GetAllAsync``1(System.String,Microsoft.WindowsAzure.Storage.Table.TableQuery{``0})">
            <inheritdoc/>
        </member>
        <member name="M:DurableFunctionsMonitor.DotNetBackend.TableClient.ExecuteAsync(System.String,Microsoft.WindowsAzure.Storage.Table.TableOperation)">
            <inheritdoc/>
        </member>
    </members>
</doc>
