{
  "generatedBy": "Microsoft.NET.Sdk.Functions.Generator-4.1.3",
  "configurationSource": "attributes",
  "bindings": [
    {
      "type": "httpTrigger",
      "route": "a/p/i/{connName}-{hubName}/function-map",
      "methods": [
        "get"
      ],
      "authLevel": "anonymous",
      "name": "req"
    }
  ],
  "disabled": false,
  "scriptFile": "../bin/durablefunctionsmonitor.dotnetbackend.dll",
  "entryPoint": "DurableFunctionsMonitor.DotNetBackend.FunctionMap.DfmGetFunctionMap"
}