{
  "generatedBy": "Microsoft.NET.Sdk.Functions.Generator-4.1.3",
  "configurationSource": "attributes",
  "bindings": [
    {
      "type": "httpTrigger",
      "route": "a/p/i/{connName}-{hubName}/purge-history",
      "methods": [
        "post"
      ],
      "authLevel": "anonymous",
      "name": "req"
    },
    {
      "type": "durableClient",
      "taskHub": "{hubName}",
      "externalClient": false,
      "name": "defaultDurableClient"
    }
  ],
  "disabled": false,
  "scriptFile": "../bin/durablefunctionsmonitor.dotnetbackend.dll",
  "entryPoint": "DurableFunctionsMonitor.DotNetBackend.PurgeHistory.DfmPurgeHistoryFunction"
}